id;nom_matiere;reference;type_matiere;image;image_content_type;matricule_matiere
1;Checking mobile;markets Tonga Bacon;Guinée;../fake-data/blob/hipster.png;image/png;Handcrafted driver
2;Paix Avon;workforce b;Laffitte card Lesotho;../fake-data/blob/hipster.png;image/png;online Bedfordshire Tools
3;matrix c;Awesome B2B bandwidth;invoice a invoice;../fake-data/blob/hipster.png;image/png;auxiliary vortals
4;Handcrafted deposit;Fully-configurable de;a regional;../fake-data/blob/hipster.png;image/png;cross-platform Multi-lateral Rustic
5;Ball a Stagiaire;Grocery;Designer Kids programming;../fake-data/blob/hipster.png;image/png;Money Montmorency Franche-Comté
6;directional;Personal Rustic;hack Fully-configurable Outdoors;../fake-data/blob/hipster.png;image/png;innovative Intuitive Self-enabling
7;driver CFA FTP;Home port;Seychelles sensor;../fake-data/blob/hipster.png;image/png;Royale Checking
8;Account c quantifying;systematic Credit;ROI payment Berkshire;../fake-data/blob/hipster.png;image/png;green
9;GB world-class maroon;Lettonie Implemented;calculating Wooden Bedfordshire;../fake-data/blob/hipster.png;image/png;b Soft panel
10;Concrete bypass navigate;a visionary c;b Public-key;../fake-data/blob/hipster.png;image/png;grow l'Abbaye
